Nombre_de_clients;Temps_moyen_ns;Min_Temps_ns;Max_Temps_ns;Ecart_Type_ns
1;30307300;30307300;30307300;0.0
2;1401350;1325500;1477200;75850.0
10;2543170;1373500;3592300;731917.0131237557
100;10871037;1274900;20403400;5914776.77157806
1000;5834602;1502200;42603600;2.111329554489539E7
5000;3072008;922400;61310800;1.8383644560914222E7
50000;3682380;462800;142229600;2.6974526829630088E7
